Year,P_L,ET,P_O,E,T,T_L,T_O,P_TOT,E_TOT,PpE,PmE,dT,dPpE,dPmE,period,mean_PpE,mean_PmE
1836,2.046764,1.383288,3.412363,3.869073,14.40402,9.020691,16.56744,3.019266,3.153463,6.172729,-0.134197,-0.817386000000001,-0.170225333333333,0.0436760000000002,1810-1840,6.1677035,-0.12938
1837,2.070508,1.395213,3.400247,3.84773,14.43448,9.025299,16.60837,3.017475,3.141701,6.159176,-0.124226,-0.786925999999999,-0.183778333333333,0.0536470000000003,1810-1840,6.1677035,-0.12938
1838,2.106241,1.414115,3.388365,3.845659,14.5878,9.389496,16.67639,3.019301,3.145665,6.164966,-0.126364,-0.633606,-0.177988333333333,0.0515089999999999,1810-1840,6.1677035,-0.12938
1839,2.123199,1.413348,3.383338,3.856743,14.56097,9.296295,16.67639,3.020605,3.153338,6.173943,-0.132733,-0.660436000000001,-0.169011333333333,0.0451400000000001,1810-1840,6.1677035,-0.12938
1840,2.10097,1.408844,3.402207,3.882736,14.51224,9.216583,16.6402,3.027641,3.170552,6.198193,-0.142911,-0.709166,-0.144761333333333,0.0349620000000003,1840-1870,6.2006408,-0.144100466666667
1841,2.13455,1.418778,3.389987,3.863287,14.50366,9.160828,16.6507,3.028608,3.159562,6.18817,-0.130954,-0.717746,-0.154784333333333,0.046919,1840-1870,6.2006408,-0.144100466666667
1842,2.1486,1.42026,3.391622,3.878028,14.47391,9.066101,16.64722,3.033818,3.170486,6.204304,-0.136668,-0.747496,-0.138650333333333,0.0412050000000003,1840-1870,6.2006408,-0.144100466666667
1843,2.106734,1.413354,3.393597,3.859011,14.49561,9.109497,16.66016,3.02317,3.154955,6.178125,-0.131785,-0.725796000000001,-0.164829333333333,0.0460879999999998,1840-1870,6.2006408,-0.144100466666667
1844,2.147016,1.414113,3.376965,3.85969,14.45325,8.978851,16.6535,3.022925,3.155657,6.178582,-0.132732,-0.768155999999999,-0.164372333333333,0.0451409999999998,1840-1870,6.2006408,-0.144100466666667
1845,2.109227,1.404591,3.391872,3.858019,14.41992,8.886383,16.6441,3.022659,3.151726,6.174385,-0.129067,-0.801486000000001,-0.168569333333333,0.048806,1840-1870,6.2006408,-0.144100466666667
1846,2.103904,1.417887,3.410161,3.882545,14.59702,9.268097,16.73843,3.03415,3.173019,6.207169,-0.138869,-0.624385999999999,-0.135785333333333,0.0390039999999999,1840-1870,6.2006408,-0.144100466666667
1847,2.072867,1.413502,3.423939,3.876855,14.55887,9.148621,16.73315,3.035025,3.167704,6.202729,-0.132679,-0.662535999999999,-0.140225333333333,0.0451940000000001,1840-1870,6.2006408,-0.144100466666667
1848,2.120963,1.414279,3.401134,3.862751,14.54465,9.193787,16.69495,3.032634,3.157884,6.190518,-0.12525,-0.676755999999999,-0.152436333333333,0.0526229999999998,1840-1870,6.2006408,-0.144100466666667
1849,2.118353,1.421144,3.384151,3.852825,14.53403,9.222626,16.66833,3.019789,3.152793,6.172582,-0.133004,-0.687376,-0.170372333333333,0.0448689999999999,1840-1870,6.2006408,-0.144100466666667
1850,2.107756,1.421891,3.400265,3.885596,14.61621,9.476227,16.68124,3.028212,3.176344,6.204556,-0.148132,-0.605195999999999,-0.138398333333333,0.0297410000000001,1840-1870,6.2006408,-0.144100466666667
1851,2.100209,1.413268,3.395023,3.886619,14.66483,9.516602,16.73318,3.022306,3.17459,6.196896,-0.152284,-0.556576,-0.146058333333333,0.0255890000000002,1840-1870,6.2006408,-0.144100466666667
1852,2.114213,1.421445,3.414749,3.891695,14.7016,9.611267,16.74655,3.040385,3.180559,6.220944,-0.140174,-0.519806000000001,-0.122010333333333,0.037699,1840-1870,6.2006408,-0.144100466666667
1853,2.094257,1.419574,3.408951,3.881123,14.70355,9.545074,16.77606,3.030511,3.172493,6.203004,-0.141982,-0.517856,-0.139950333333333,0.0358910000000005,1840-1870,6.2006408,-0.144100466666667
1854,2.061063,1.411277,3.427307,3.893965,14.7377,9.705322,16.75922,3.034025,3.179248,6.213273,-0.145223,-0.483706,-0.129681333333333,0.0326500000000004,1840-1870,6.2006408,-0.144100466666667
1855,2.100526,1.41513,3.373363,3.855708,14.76505,9.800781,16.759,3.006974,3.153115,6.160089,-0.146141,-0.456356,-0.182865333333333,0.031732,1840-1870,6.2006408,-0.144100466666667
1856,2.092588,1.425437,3.3912079999999998,3.898593,14.59113,9.41275,16.67166,3.017395,3.18662,6.204015,-0.169225,-0.630276,-0.138939333333333,0.0086480000000001,1840-1870,6.2006408,-0.144100466666667
1857,2.024441,1.397582,3.380127,3.869773,14.5834,9.485779,16.63129,2.989883,3.158078,6.147961,-0.168195,-0.638006000000001,-0.194993333333333,0.00967799999999974,1840-1870,6.2006408,-0.144100466666667
1858,2.096518,1.4188,3.372822,3.865198,14.62524,9.540283,16.66803,3.005434,3.160929,6.166363,-0.155495,-0.596166,-0.176591333333333,0.0223780000000003,1840-1870,6.2006408,-0.144100466666667
1859,2.113704,1.42535,3.36357,3.872508,14.67679,9.613861,16.71066,3.003795,3.16802,6.171815,-0.164225,-0.544616,-0.171139333333333,0.0136480000000004,1840-1870,6.2006408,-0.144100466666667
1860,2.073815,1.410548,3.4169,3.884181,14.73639,9.55127,16.81964,3.030285,3.172071,6.202356,-0.141786,-0.485016,-0.140598333333333,0.0360870000000003,1840-1870,6.2006408,-0.144100466666667
1861,2.073818,1.408028,3.409669,3.884608,14.67139,9.505859,16.74673,3.025137,3.171649,6.196786,-0.146512,-0.550015999999999,-0.146168333333334,0.0313610000000001,1840-1870,6.2006408,-0.144100466666667
1862,2.068747,1.400702,3.429116,3.915959,14.63159,9.2809449999999991,16.7818,3.037525,3.191865,6.22939,-0.15434,-0.589816000000001,-0.113564333333333,0.0235330000000001,1840-1870,6.2006408,-0.144100466666667
1863,2.07092,1.410287,3.431489,3.881667,14.73035,9.667847,16.76404,3.039841,3.170206,6.210047,-0.130365,-0.491056,-0.132907333333334,0.0475080000000002,1840-1870,6.2006408,-0.144100466666667
1864,2.088444,1.413316,3.398509,3.880052,14.70901,9.533173,16.78851,3.021401,3.169928,6.191329,-0.148527,-0.512396000000001,-0.151625333333334,0.029346,1840-1870,6.2006408,-0.144100466666667
1865,2.068703,1.410078,3.444091,3.909894,14.76175,9.651917,16.81458,3.048177,3.190246,6.238423,-0.142069,-0.459656000000001,-0.104531333333333,0.0358039999999998,1840-1870,6.2006408,-0.144100466666667
1866,2.108814,1.431611,3.439702,3.917676,14.7594,9.712952,16.78659,3.0566,3.201987,6.258587,-0.145387,-0.462006000000001,-0.0843673333333328,0.0324860000000001,1840-1870,6.2006408,-0.144100466666667
1867,2.040537,1.403009,3.423158,3.921205,14.75311,9.599609,16.82361,3.02516,3.196265,6.221425,-0.171105,-0.468296,-0.121529333333333,0.00676800000000022,1840-1870,6.2006408,-0.144100466666667
1868,2.072918,1.417356,3.428683,3.893687,14.81012,9.697998,16.86386,3.038418,3.1808,6.219218,-0.142382,-0.411286,-0.123736333333333,0.0354910000000001,1840-1870,6.2006408,-0.144100466666667
1869,2.075953,1.404932,3.466502,3.928156,14.8277,9.847931,16.82794,3.066222,3.201768,6.26799,-0.135546,-0.393706,-0.0749643333333339,0.0423269999999999,1840-1870,6.2006408,-0.144100466666667
1870,2.115677,1.423144,3.424732,3.912007,14.77277,9.661316,16.82626,3.047916,3.195513,6.243429,-0.147597,-0.448636,-0.0995253333333332,0.0302759999999999,1870-1900,6.2096558,-0.152423933333333
1871,2.165847,1.430161,3.378385,3.883035,14.64783,9.337189,16.781860000000002,3.029357,3.176902,6.206259,-0.147545,-0.573575999999999,-0.136695333333333,0.030328,1870-1900,6.2096558,-0.152423933333333
1872,2.189405,1.43732,3.371074,3.862862,14.68036,9.520386,16.75348,3.030934,3.164598,6.195532,-0.133664,-0.541046,-0.147422333333333,0.0442090000000001,1870-1900,6.2096558,-0.152423933333333
1873,2.184978,1.425606,3.357043,3.85851,14.65909,9.496979,16.73306,3.019668,3.158125,6.177793,-0.138457,-0.562315999999999,-0.165161333333334,0.0394159999999998,1870-1900,6.2096558,-0.152423933333333
1874,2.199532,1.439867,3.355175,3.849879,14.58286,9.397278,16.66632,3.022529,3.156086,6.178615,-0.133557,-0.638546,-0.164339333333333,0.0443159999999999,1870-1900,6.2096558,-0.152423933333333
1875,2.207711,1.430079,3.362902,3.863379,14.64386,9.335419,16.77701,3.030386,3.162882,6.193268,-0.132496,-0.577546,-0.149686333333333,0.0453769999999999,1870-1900,6.2096558,-0.152423933333333
1876,2.260865,1.446982,3.333747,3.84263,14.62808,9.412567,16.72363,3.024929,3.152972,6.177901,-0.128043,-0.593325999999999,-0.165053333333333,0.0498300000000002,1870-1900,6.2096558,-0.152423933333333
1877,2.171607,1.430628,3.393858,3.911438,14.77301,9.488647,16.89642,3.042034,3.197262,6.239296,-0.155228,-0.448396000000001,-0.103658333333334,0.0226450000000004,1870-1900,6.2096558,-0.152423933333333
1878,2.199962,1.441871,3.418646,3.927036,14.97861,9.927368,17.00772,3.06785,3.211606,6.279456,-0.143756,-0.242796,-0.0634983333333334,0.0341169999999998,1870-1900,6.2096558,-0.152423933333333
1879,2.18347,1.434917,3.415146,3.899603,14.8255,9.724335,16.87482,3.060609,3.19007,6.250679,-0.129461,-0.395906,-0.0922753333333333,0.048412,1870-1900,6.2096558,-0.152423933333333
1880,2.179088,1.434511,3.391324,3.88147,14.75064,9.574524,16.83026,3.042384,3.17704,6.219424,-0.134656,-0.470765999999999,-0.123530333333333,0.0432170000000004,1870-1900,6.2096558,-0.152423933333333
1881,2.163669,1.433058,3.40751,3.909965,14.82498,9.67981,16.89209,3.04947,3.196913,6.246383,-0.147443,-0.396426,-0.0965713333333333,0.0304300000000001,1870-1900,6.2096558,-0.152423933333333
1882,2.113364,1.428333,3.420836,3.89664,14.70584,9.434692,16.82388,3.044476,3.186064,6.23054,-0.141588,-0.515566,-0.112414333333334,0.036285,1870-1900,6.2096558,-0.152423933333333
1883,2.106007,1.411846,3.384022,3.906027,14.67505,9.279449,16.84344,3.016142,3.188001,6.204143,-0.171859,-0.546355999999999,-0.138811333333333,0.00601400000000007,1870-1900,6.2096558,-0.152423933333333
1884,2.028857,1.372332,3.373407,3.907326,14.56915,9.151489,16.74643,2.986369,3.177548,6.163917,-0.191179,-0.652256,-0.179037333333333,-0.0133059999999999,1870-1900,6.2096558,-0.152423933333333
1885,2.082193,1.406332,3.374928,3.902396,14.56363,9.266632,16.69214,3.00281,3.183827,6.186637,-0.181017,-0.657776,-0.156317333333333,-0.0031439999999997,1870-1900,6.2096558,-0.152423933333333
1886,2.122189,1.430618,3.375129,3.918666,14.6398,9.501709,16.70404,3.014468,3.202406,6.216874,-0.187938,-0.581606000000001,-0.126080333333333,-0.0100649999999999,1870-1900,6.2096558,-0.152423933333333
1887,2.134833,1.429391,3.356595,3.891822,14.55109,9.383728,16.6272,3.004911,3.182937,6.187848,-0.178026,-0.670316,-0.155106333333333,-1.5299999999995e-4,1870-1900,6.2096558,-0.152423933333333
1888,2.085231,1.406302,3.406862,3.915616,14.71204,9.477478,16.81531,3.026424,3.193233,6.219657,-0.166809,-0.509366,-0.123297333333333,0.0110639999999999,1870-1900,6.2096558,-0.152423933333333
1889,2.075493,1.413468,3.391906,3.918277,14.78229,9.650299,16.84406,3.01297,3.197191,6.210161,-0.184221,-0.439116,-0.132793333333333,-0.00634799999999991,1870-1900,6.2096558,-0.152423933333333
1890,2.152944,1.415103,3.350888,3.866604,14.48938,9.153564,16.63361,3.006062,3.160866,6.166928,-0.154804,-0.732025999999999,-0.176026333333333,0.0230690000000001,1870-1900,6.2096558,-0.152423933333333
1891,2.079357,1.41235,3.426766,3.905783,14.67941,9.463226,16.77524,3.038907,3.187973,6.22688,-0.149066,-0.541995999999999,-0.116074333333334,0.0288070000000001,1870-1900,6.2096558,-0.152423933333333
1892,2.08639,1.402803,3.418196,3.889495,14.58163,9.296783,16.70523,3.034829,3.173625,6.208454,-0.138796,-0.639775999999999,-0.134500333333333,0.0390770000000004,1870-1900,6.2096558,-0.152423933333333
1893,2.10679,1.410745,3.372523,3.895052,14.53702,9.288635,16.64584,3.008179,3.179869,6.188048,-0.17169,-0.684386,-0.154906333333333,0.00618300000000016,1870-1900,6.2096558,-0.152423933333333
1894,2.064945,1.405384,3.432635,3.893606,14.55475,9.278778,16.67474,3.0389370000000002,3.177295,6.216232,-0.138358,-0.666656,-0.126722333333333,0.0395150000000003,1870-1900,6.2096558,-0.152423933333333
1895,2.058167,1.412634,3.440962,3.883263,14.65976,9.438721,16.75754,3.042914,3.172018,6.214932,-0.129104,-0.561646,-0.128022333333333,0.0487690000000002,1870-1900,6.2096558,-0.152423933333333
1896,2.066931,1.419774,3.424991,3.908037,14.78088,9.607758,16.85928,3.034065,3.191715,6.22578,-0.15765,-0.440526,-0.117174333333333,0.0202230000000002,1870-1900,6.2096558,-0.152423933333333
1897,2.102264,1.414818,3.406192,3.90484,14.80051,9.640015,16.87384,3.030851,3.188011,6.218862,-0.15716,-0.420896000000001,-0.124092333333333,0.0207130000000003,1870-1900,6.2096558,-0.152423933333333
1898,2.032427,1.391379,3.417845,3.889516,14.57013,9.267822,16.70078,3.019041,3.170351,6.189392,-0.15131,-0.651275999999999,-0.153562333333333,0.026563,1870-1900,6.2096558,-0.152423933333333
1899,2.040445,1.395815,3.427264,3.898881,14.6821,9.436646,16.78979,3.028057,3.178297,6.206354,-0.15024,-0.539306,-0.136600333333333,0.0276329999999999,1870-1900,6.2096558,-0.152423933333333
1900,2.122054,1.420685,3.403508,3.893867,14.77356,9.592957,16.85501,3.034638,3.181887,6.216525,-0.147249,-0.447846,-0.126429333333332,0.0306240000000001,1900-1930,6.21128016666667,-0.194911566666667
1901,2.118726,1.424971,3.396307,3.912903,14.70462,9.527435,16.7847,3.028553,3.196676,6.225229,-0.168123,-0.516786,-0.117725333333333,0.00975000000000004,1900-1930,6.21128016666667,-0.194911566666667
1902,2.027454,1.395747,3.436715,3.912231,14.5744,9.275177,16.7038,3.031047,3.187783,6.21883,-0.156736,-0.647005999999999,-0.124124333333333,0.0211370000000001,1900-1930,6.21128016666667,-0.194911566666667
1903,2.094967,1.395723,3.407711,3.927528,14.39529,9.042236,16.54648,3.029832,3.19867,6.228502,-0.168838,-0.826116000000001,-0.114452333333333,0.00903500000000002,1900-1930,6.21128016666667,-0.194911566666667
1904,2.03536,1.386204,3.395551,3.906849,14.30286,8.846985,16.49564,3.004011,3.181203,6.185214,-0.177192,-0.918545999999999,-0.157740333333333,6.8100000000026e-4,1900-1930,6.21128016666667,-0.194911566666667
1905,2.092225,1.406655,3.393896,3.875496,14.55078,9.205048,16.69904,3.019205,3.164765,6.18397,-0.14556,-0.67062600000000006,-0.158984333333333,0.0323129999999999,1900-1930,6.21128016666667,-0.194911566666667
1906,2.074967,1.421992,3.422868,3.910001,14.66824,9.472595,16.75577,3.034867,3.193753,6.22862,-0.158886,-0.553165999999999,-0.114334333333333,0.0189870000000002,1900-1930,6.21128016666667,-0.194911566666667
1907,2.047075,1.398017,3.419194,3.907869,14.4834,9.056915,16.66425,3.02422,3.185331,6.209551,-0.161111,-0.738006,-0.133403333333333,0.0167620000000001,1900-1930,6.21128016666667,-0.194911566666667
1908,2.049017,1.401502,3.404298,3.912639,14.46039,9.195099,16.57605,3.014171,3.189731,6.203902,-0.17556,-0.761016,-0.139052333333333,0.00231300000000012,1900-1930,6.21128016666667,-0.194911566666667
1909,2.07097,1.393779,3.396933,3.920674,14.40854,9.175354,16.51126,3.015248,3.193228,6.208476,-0.17798,-0.812866,-0.134478333333333,-1.0699999999974e-4,1900-1930,6.21128016666667,-0.194911566666667
1910,2.063818,1.410662,3.376943,3.89276,14.34912,9.047058,16.47971,2.998954,3.178212,6.177166,-0.179258,-0.872286000000001,-0.165788333333333,-0.00138499999999986,1900-1930,6.21128016666667,-0.194911566666667
1911,2.002091,1.401911,3.43996,3.926586,14.40405,9.1315,16.52267,3.026054,3.199781,6.225835,-0.173727,-0.817356,-0.117119333333333,0.00414599999999965,1900-1930,6.21128016666667,-0.194911566666667
1912,2.048593,1.400247,3.446681,3.932798,14.47699,9.132599,16.62466,3.04423,3.203725,6.247955,-0.159495,-0.744415999999999,-0.094999333333333,0.0183780000000003,1900-1930,6.21128016666667,-0.194911566666667
1913,2.032892,1.392094,3.402579,3.900625,14.5062,9.247253,16.61932,3.008304,3.178467,6.186771,-0.170163,-0.715206,-0.156183333333333,0.00770999999999999,1900-1930,6.21128016666667,-0.194911566666667
1914,2.036152,1.414934,3.366138,3.922265,14.61908,9.414825,16.71011,2.983294,3.200453,6.183747,-0.217159,-0.602326,-0.159207333333333,-0.039286,1900-1930,6.21128016666667,-0.194911566666667
1915,2.009715,1.415709,3.446599,3.965576,14.75922,9.58786,16.83691,3.032978,3.231519,6.264497,-0.198541,-0.462186000000001,-0.0784573333333327,-0.020668,1900-1930,6.21128016666667,-0.194911566666667
1916,2.097986,1.4238,3.394077,3.938496,14.55341,9.3128050000000009,16.65915,3.020993,3.214564,6.235557,-0.193571,-0.667996,-0.107397333333333,-0.0156980000000003,1900-1930,6.21128016666667,-0.194911566666667
1917,2.097653,1.426535,3.311324,3.898469,14.48169,9.151611,16.62357,2.961968,3.186849,6.148817,-0.224881,-0.739716,-0.194137333333333,-0.0470079999999998,1900-1930,6.21128016666667,-0.194911566666667
1918,2.048817,1.40733,3.3651,3.952994,14.58331,9.367859,16.67886,2.986201,3.220146,6.206347,-0.233945,-0.638095999999999,-0.136607333333333,-0.0560720000000002,1900-1930,6.21128016666667,-0.194911566666667
1919,2.122101,1.437514,3.347207,3.929117,14.67969,9.479095,16.7692,2.99456,3.211834,6.206394,-0.217274,-0.541715999999999,-0.136560333333334,-0.0394010000000001,1900-1930,6.21128016666667,-0.194911566666667
1920,2.146668,1.444828,3.362764,3.944517,14.67236,9.465393,16.76447,3.012712,3.224906,6.237618,-0.212194,-0.549046000000001,-0.105336333333334,-0.0343209999999997,1900-1930,6.21128016666667,-0.194911566666667
1921,2.100209,1.435895,3.342905,3.935851,14.64816,9.486328,16.72202,2.985193,3.216163,6.201356,-0.23097,-0.573245999999999,-0.141598333333333,-0.0530969999999996,1900-1930,6.21128016666667,-0.194911566666667
1922,2.095139,1.406448,3.35619,3.939169,14.58688,9.322662,16.70215,2.993193,3.210047,6.20324,-0.216854,-0.634525999999999,-0.139714333333333,-0.0389809999999996,1900-1930,6.21128016666667,-0.194911566666667
1923,2.105212,1.418824,3.344598,3.923562,14.63947,9.408234,16.74139,2.987839,3.202497,6.190336,-0.214658,-0.581936000000001,-0.152618333333333,-0.036785,1900-1930,6.21128016666667,-0.194911566666667
1924,2.07144,1.412392,3.35339,3.964908,14.60468,9.300934,16.73593,2.984376,3.230087,6.214463,-0.245711,-0.616726,-0.128491333333333,-0.067838,1900-1930,6.21128016666667,-0.194911566666667
1925,2.053099,1.415497,3.348239,3.949512,14.6246,9.326965,16.75336,2.975427,3.220018,6.195445,-0.244591,-0.596806000000001,-0.147509333333334,-0.0667180000000002,1900-1930,6.21128016666667,-0.194911566666667
1926,2.081235,1.416105,3.392998,3.970292,14.76941,9.591156,16.84988,3.015401,3.234991,6.250392,-0.21959,-0.451995999999999,-0.0925623333333334,-0.0417169999999997,1900-1930,6.21128016666667,-0.194911566666667
1927,2.072518,1.411756,3.365782,3.942882,14.67578,9.397583,16.79672,2.99351,3.21422,6.20773,-0.22071,-0.54562600000000006,-0.135224333333333,-0.0428369999999999,1900-1930,6.21128016666667,-0.194911566666667
1928,2.017227,1.401898,3.396197,3.960563,14.71603,9.556976,16.78879,2.999249,3.223972,6.223221,-0.224723,-0.505376,-0.119733333333333,-0.0468499999999999,1900-1930,6.21128016666667,-0.194911566666667
1929,2.055382,1.403753,3.389267,3.950582,14.53589,9.130249,16.70831,3.0053009999999998,3.217398,6.222699,-0.212097,-0.685516,-0.120255333333333,-0.0342240000000004,1900-1930,6.21128016666667,-0.194911566666667
1930,2.007749,1.413805,3.362447,3.957282,14.77621,9.556152,16.87363,2.972486,3.225064,6.19755,-0.252578,-0.445195999999999,-0.145404333333333,-0.0747050000000001,1930-1960,6.24474903333333,-0.1857437
1931,2.07119,1.414027,3.385023,3.971425,14.83337,9.601562,16.93552,3.00683,3.235198,6.242028,-0.228368,-0.388036,-0.100926333333334,-0.0504950000000001,1930-1960,6.24474903333333,-0.1857437
1932,2.076715,1.419935,3.370719,3.941258,14.75543,9.567688,16.83975,2.998235,3.215418,6.213653,-0.217183,-0.465976,-0.129301333333332,-0.0393099999999998,1930-1960,6.24474903333333,-0.1857437
1933,2.106025,1.422807,3.369856,3.901412,14.63467,9.256165,16.79614,3.00606,3.18787,6.19393,-0.18181,-0.586736,-0.149024333333333,-0.00393699999999997,1930-1960,6.24474903333333,-0.1857437
1934,2.108746,1.42204,3.376765,3.921318,14.69403,9.432404,16.80823,3.011762,3.201825,6.213587,-0.190063,-0.527376,-0.129367333333333,-0.0121899999999998,1930-1960,6.24474903333333,-0.1857437
1935,2.093063,1.414591,3.358765,3.936671,14.74515,9.496033,16.85428,2.994429,3.210613,6.205042,-0.216184,-0.476255999999999,-0.137912333333333,-0.0383110000000001,1930-1960,6.24474903333333,-0.1857437
1936,2.064388,1.413161,3.413192,3.926538,14.77701,9.464966,16.91156,3.02493,3.202985,6.227915,-0.178055,-0.444395999999999,-0.115039333333334,-1.8200000000001e-4,1930-1960,6.24474903333333,-0.1857437
1937,2.09921,1.414078,3.387366,3.914465,14.86517,9.509277,17.01749,3.016566,3.194652,6.211218,-0.178086,-0.356235999999999,-0.131736333333333,-2.129999999999e-4,1930-1960,6.24474903333333,-0.1857437
1938,2.093969,1.416667,3.422089,3.935903,14.85269,9.651367,16.94254,3.039783,3.210664,6.250447,-0.170881,-0.368715999999999,-0.0925073333333337,0.006992,1930-1960,6.24474903333333,-0.1857437
1939,2.088076,1.417783,3.397628,3.933419,14.87021,9.688171,16.95221,3.020668,3.209216,6.229884,-0.188548,-0.351196,-0.113070333333333,-0.0106749999999999,1930-1960,6.24474903333333,-0.1857437
1940,2.102723,1.4165,3.437646,3.919608,14.83679,9.493164,16.98413,3.053383,3.199012,6.252395,-0.145629,-0.384615999999999,-0.0905593333333332,0.0322440000000001,1930-1960,6.24474903333333,-0.1857437
1941,2.091859,1.426366,3.442416,3.971195,14.88446,9.535675,17.03387,3.053651,3.238588,6.292239,-0.184937,-0.336945999999999,-0.0507153333333328,-0.00706400000000007,1930-1960,6.24474903333333,-0.1857437
1942,2.141794,1.432246,3.392701,3.949198,14.85376,9.542511,16.98804,3.032626,3.224617,6.257243,-0.191991,-0.367646000000001,-0.0857113333333333,-0.0141179999999997,1930-1960,6.24474903333333,-0.1857437
1943,2.07422,1.418135,3.419325,3.935323,14.8266,9.480621,16.97488,3.032129,3.210673,6.242802,-0.178544,-0.394806000000001,-0.100152333333334,-6.7099999999997e-4,1930-1960,6.24474903333333,-0.1857437
1944,2.155887,1.427566,3.424625,3.954007,15.07764,9.843689,17.18063,3.059417,3.226694,6.286111,-0.167277,-0.143765999999999,-0.0568433333333331,0.0105959999999997,1930-1960,6.24474903333333,-0.1857437
1945,2.170471,1.425148,3.41677,3.967607,15.01273,9.63327,17.17456,3.058023,3.235682,6.293705,-0.177659,-0.208676000000001,-0.049249333333333,2.1399999999982e-4,1930-1960,6.24474903333333,-0.1857437
1946,2.060096,1.413731,3.458235,3.956333,14.83365,9.656738,16.9136,3.05577,3.224366,6.280136,-0.168596,-0.387756,-0.0628183333333334,0.00927700000000009,1930-1960,6.24474903333333,-0.1857437
1947,2.090721,1.40557,3.423202,3.929794,14.77643,9.506409,16.89401,3.039641,3.203119,6.24276,-0.163478,-0.444976,-0.100194333333333,0.014395,1930-1960,6.24474903333333,-0.1857437
1948,2.086848,1.42267,3.450416,3.926346,14.72739,9.521576,16.81903,3.057905,3.205587,6.263492,-0.147682,-0.494016,-0.0794623333333337,0.030191,1930-1960,6.24474903333333,-0.1857437
1949,2.072172,1.405527,3.399021,3.931126,14.69806,9.296692,16.86877,3.017081,3.204054,6.221135,-0.186973,-0.523346,-0.121819333333333,-0.0091,1930-1960,6.24474903333333,-0.1857437
1950,2.110418,1.409589,3.395246,3.911079,14.64273,9.170258,16.84219,3.025405,3.190949,6.216354,-0.165544,-0.578676,-0.126600333333333,0.0123290000000004,1930-1960,6.24474903333333,-0.1857437
1951,2.072679,1.402233,3.394149,3.934288,14.74313,9.283813,16.93726,3.013757,3.205357,6.219114,-0.1916,-0.478275999999999,-0.123840333333334,-0.0137269999999997,1930-1960,6.24474903333333,-0.1857437
1952,2.080098,1.396561,3.381951,3.941945,14.79651,9.250885,17.02554,3.007207,3.209177,6.216384,-0.20197,-0.424896,-0.126570333333333,-0.0240969999999997,1930-1960,6.24474903333333,-0.1857437
1953,2.076025,1.405233,3.401957,3.952962,14.8992,9.635681,17.01416,3.02028,3.21952,6.2398,-0.19924,-0.322206,-0.103154333333332,-0.021367,1930-1960,6.24474903333333,-0.1857437
1954,2.095631,1.39642,3.415113,3.968138,14.72693,9.401917,16.86679,3.035294,3.227789,6.263083,-0.192495,-0.494476000000001,-0.0798713333333332,-0.014622,1930-1960,6.24474903333333,-0.1857437
1955,2.155132,1.416214,3.394097,3.930686,14.66354,9.3349,16.80484,3.037461,3.206819,6.24428,-0.169358,-0.557866000000001,-0.0986743333333333,0.00851500000000016,1930-1960,6.24474903333333,-0.1857437
1956,2.135751,1.415013,3.408531,3.954767,14.61893,9.057953,16.85419,3.042159,3.22362,6.265779,-0.181461,-0.602475999999999,-0.0771753333333329,-0.00358800000000004,1930-1960,6.24474903333333,-0.1857437
1957,2.101438,1.417513,3.427794,3.963763,14.87057,9.50528,17.02667,3.045996,3.230747,6.276743,-0.184751,-0.350835999999999,-0.0662113333333334,-0.00687799999999983,1930-1960,6.24474903333333,-0.1857437
1958,2.073961,1.413884,3.443956,3.963859,14.88513,9.544922,17.0311,3.049594,3.22977,6.279364,-0.180176,-0.336276,-0.0635903333333339,-0.00230299999999983,1930-1960,6.24474903333333,-0.1857437
1959,2.117745,1.4246780000000001,3.436024,3.984737,14.85684,9.448425,17.0304,3.056552,3.247746,6.304298,-0.191194,-0.364566,-0.0386563333333338,-0.0133209999999998,1930-1960,6.24474903333333,-0.1857437
1960,2.095136,1.403881,3.405829,3.988809,14.8223,9.349396,17.02194,3.028541,3.244657,6.273198,-0.216116,-0.399106,-0.0697563333333324,-0.0382429999999999,1960-1990,6.29492623333333,-0.2039919
1961,2.13998,1.423441,3.424598,3.993519,14.90601,9.590454,17.04202,3.054818,3.253643,6.308461,-0.198825,-0.315396,-0.0344933333333337,-0.0209519999999997,1960-1990,6.29492623333333,-0.2039919
1962,2.110481,1.416281,3.408383,3.979699,14.84586,9.494965,16.99612,3.034778,3.24174,6.276518,-0.206962,-0.375546,-0.0664363333333329,-0.0290889999999998,1960-1990,6.29492623333333,-0.2039919
1963,2.08773,1.411993,3.419102,3.994462,14.87604,9.618164,16.98871,3.03586,3.251018,6.286878,-0.215158,-0.345366,-0.0560763333333334,-0.0372850000000001,1960-1990,6.29492623333333,-0.2039919
1964,2.077052,1.399712,3.416788,3.981559,14.68604,9.253296,16.86942,3.031137,3.238294,6.269431,-0.207157,-0.535366,-0.0735233333333332,-0.0292839999999995,1960-1990,6.29492623333333,-0.2039919
1965,2.066181,1.39649,3.40828,3.990284,14.74713,9.322235,16.92737,3.021949,3.243579,6.265528,-0.22163,-0.474276,-0.0774263333333334,-0.0437569999999997,1960-1990,6.29492623333333,-0.2039919
1966,2.093231,1.410932,3.416933,3.986104,14.80911,9.402039,16.98212,3.035899,3.244761,6.28066,-0.208862,-0.412296,-0.062294333333333,-0.0309889999999998,1960-1990,6.29492623333333,-0.2039919
1967,2.090052,1.41615,3.425381,4.003952,14.8176,9.445892,16.97629,3.041,3.258973,6.299973,-0.217973,-0.403805999999999,-0.0429813333333335,-0.0401000000000001,1960-1990,6.29492623333333,-0.2039919
1968,2.076455,1.411664,3.411016,3.979557,14.84576,9.410614,17.03015,3.026856,3.240309,6.267165,-0.213453,-0.375646,-0.0757893333333328,-0.0355799999999998,1960-1990,6.29492623333333,-0.2039919
1969,2.040578,1.400277,3.449824,4.013909,14.97882,9.487549,17.18588,3.044161,3.261492,6.305653,-0.217331,-0.242585999999999,-0.0373013333333336,-0.0394580000000001,1960-1990,6.29492623333333,-0.2039919
1970,2.064874,1.39392,3.446023,4.025375,14.92474,9.526642,17.09412,3.04845,3.267827,6.316277,-0.219377,-0.296666,-0.0266773333333337,-0.0415040000000001,1960-1990,6.29492623333333,-0.2039919
1971,2.094002,1.408699,3.405876,3.956415,14.8175,9.440186,16.97849,3.028248,3.222976,6.251224,-0.194728,-0.403905999999999,-0.0917303333333326,-0.016855,1960-1990,6.29492623333333,-0.2039919
1972,2.047459,1.402421,3.413129,4.001797,14.93341,9.397217,17.1586,3.020012,3.253485,6.273497,-0.23347300000000001,-0.287996,-0.0694573333333333,-0.0556,1960-1990,6.29492623333333,-0.2039919
1973,2.161114,1.444308,3.426806,4.002757,15.01376,9.664429,17.16342,3.062475,3.26623,6.328705,-0.203755,-0.207646,-0.0142493333333329,-0.0258820000000001,1960-1990,6.29492623333333,-0.2039919
1974,2.130142,1.436676,3.39618,3.97611,14.79175,9.227051,17.0285,3.031749,3.245056,6.276805,-0.213307,-0.429656,-0.0661493333333336,-0.0354339999999999,1960-1990,6.29492623333333,-0.2039919
1975,2.133929,1.430176,3.410151,3.964445,14.87759,9.581451,17.00574,3.042788,3.234878,6.277666,-0.19209,-0.343816,-0.0652883333333332,-0.0142170000000003,1960-1990,6.29492623333333,-0.2039919
1976,2.061542,1.421761,3.39519,3.95367,14.77081,9.183136,17.01688,3.011291,3.224782,6.236073,-0.213491,-0.450595999999999,-0.106881333333334,-0.0356179999999998,1960-1990,6.29492623333333,-0.2039919
1977,2.105325,1.432677,3.4257,4.014498,15.03577,9.643829,17.20264,3.045624,3.271241,6.316865,-0.225617,-0.185636000000001,-0.0260893333333332,-0.0477439999999997,1960-1990,6.29492623333333,-0.2039919
1978,2.137927,1.433632,3.424091,3.990031,14.95306,9.539398,17.12875,3.053866,3.254093,6.307959,-0.200227,-0.268345999999999,-0.0349953333333328,-0.022353999999999902,1960-1990,6.29492623333333,-0.2039919
1979,2.089,1.425416,3.456187,3.950361,15.01074,9.498688,17.2262,3.062634,3.223478,6.286112,-0.160844,-0.210666,-0.056842333333333,0.0170290000000001,1960-1990,6.29492623333333,-0.2039919
1980,2.053599,1.406693,3.475167,3.987714,15.13541,9.774597,17.28967,3.065956,3.244687,6.310643,-0.178731,-0.0859959999999997,-0.0323113333333334,-8.5799999999991e-4,1960-1990,6.29492623333333,-0.2039919
1981,2.084423,1.430903,3.454438,4.022095,15.1488,9.801544,17.29764,3.06007,3.276139,6.336209,-0.216069,-0.0726060000000004,-0.00674533333333294,-0.038196,1960-1990,6.29492623333333,-0.2039919
1982,2.085992,1.407168,3.421521,4.00273,14.91751,9.315247,17.16946,3.037082,3.255516,6.292598,-0.218434,-0.303896,-0.0503563333333332,-0.0405610000000002,1960-1990,6.29492623333333,-0.2039919
1983,2.078907,1.404131,3.449524,4.027071,15.10638,9.645538,17.30115,3.054983,3.271975,6.326958,-0.216992,-0.115026,-0.0159963333333337,-0.0391189999999998,1960-1990,6.29492623333333,-0.2039919
1984,2.105791,1.410094,3.414797,4.001675,14.923400000000001,9.244568,17.2063,3.037994,3.255608,6.293602,-0.217614,-0.298005999999999,-0.0493523333333332,-0.0397410000000001,1960-1990,6.29492623333333,-0.2039919
1985,2.104375,1.407544,3.441796,3.960136,14.95496,9.3591,17.20428,3.056813,3.225293,6.282106,-0.16848,-0.266446,-0.0608483333333325,0.00939299999999987,1960-1990,6.29492623333333,-0.2039919
1986,2.067368,1.419042,3.475957,3.98129,15.08795,9.637848,17.27832,3.070484,3.243668,6.314152,-0.173184,-0.133456000000001,-0.0288023333333332,0.00468900000000005,1960-1990,6.29492623333333,-0.2039919
1987,2.049658,1.417854,3.480751,3.9979,15.15121,9.716339,17.33545,3.068798,3.255154,6.323952,-0.186356,-0.0701959999999993,-0.0190023333333329,-0.00848299999999991,1960-1990,6.29492623333333,-0.2039919
1988,2.121597,1.42857,3.478396,4.009072,15.13403,9.800537,17.27728,3.087835,3.266195,6.35403,-0.17836,-0.0873760000000008,0.0110756666666667,-4.8700000000001e-4,1960-1990,6.29492623333333,-0.2039919
1989,2.092799,1.422342,3.453569,3.98467,15.03302,9.565948,17.23029,3.061864,3.247025,6.308889,-0.185161,-0.188385999999999,-0.0340653333333334,-0.00728799999999985,1960-1990,6.29492623333333,-0.2039919
1990,2.101579,1.433932,3.485691,3.999433,15.27942,10.00244,17.39981,3.087265,3.260875,6.34814,-0.17361,0.058014,0.00518566666666676,0.00426300000000002,1990-2020,6.36086334615385,-0.168694653846154
1991,2.081406,1.426022,3.478392,3.992531,15.1868,9.842926,17.33426,3.07626,3.253682,6.329942,-0.177422,-0.0346060000000001,-0.0130123333333332,4.5100000000009e-4,1990-2020,6.36086334615385,-0.168694653846154
1992,2.024724,1.400657,3.490952,3.991551,14.97083,9.474945,17.17972,3.068883,3.245682,6.314565,-0.176799,-0.250576000000001,-0.0283893333333332,0.00107400000000013,1990-2020,6.36086334615385,-0.168694653846154
1993,2.077789,1.420671,3.462785,3.975014,14.96277,9.49115,17.16187,3.064104,3.239668,6.303772,-0.175564,-0.258635999999999,-0.0391823333333328,0.00230900000000001,1990-2020,6.36086334615385,-0.168694653846154
1994,2.074893,1.401792,3.493669,3.970054,15.08646,9.798889,17.21112,3.085263,3.2307,6.315963,-0.145437,-0.134945999999999,-0.0269913333333331,0.0324359999999998,1990-2020,6.36086334615385,-0.168694653846154
1995,2.099669,1.421538,3.486266,3.967888,15.29367,10.13815,17.36496,3.087125,3.234843,6.321968,-0.147718,0.0722640000000006,-0.0209863333333331,0.0301549999999998,1990-2020,6.36086334615385,-0.168694653846154
1996,2.116507,1.418146,3.480646,4.002568,15.13956,9.707794,17.32257,3.087971,3.258562,6.346533,-0.170591,-0.0818460000000005,0.00357866666666684,0.00728200000000012,1990-2020,6.36086334615385,-0.168694653846154
1997,2.098277,1.431939,3.482934,3.997302,15.31042,9.989746,17.44846,3.084352,3.258783,6.343135,-0.174431,0.0890140000000006,1.8066666666705e-4,0.00344199999999983,1990-2020,6.36086334615385,-0.168694653846154
1998,2.145178,1.435331,3.510628,4.056288,15.38824,10.15225,17.49203,3.117576,3.301764,6.41934,-0.184188,0.166834,0.0763856666666669,-0.00631499999999974,1990-2020,6.36086334615385,-0.168694653846154
1999,2.161489,1.422789,3.444607,3.985646,15.19446,9.961243,17.29715,3.075259,3.247849,6.323108,-0.17259,-0.0269460000000006,-0.0198463333333336,0.00528300000000004,1990-2020,6.36086334615385,-0.168694653846154
2000,2.088705,1.428481,3.500688,4.018238,15.21622,9.891266,17.35599,3.094238,3.272696,6.366934,-0.178458,-0.00518600000000013,0.0239796666666665,-5.8499999999994e-4,1990-2020,6.36086334615385,-0.168694653846154
2001,2.061962,1.422597,3.507567,3.990811,15.35745,10.19446,17.43176,3.091436,3.251472,6.342908,-0.160036,0.136044,-4.63333333335925e-5,0.0178369999999998,1990-2020,6.36086334615385,-0.168694653846154
2002,2.027062,1.408208,3.539303,4.010747,15.39734,10.21033,17.48138,3.103987,3.261525,6.365512,-0.157538,0.175934,0.0225576666666667,0.0203350000000003,1990-2020,6.36086334615385,-0.168694653846154
2003,2.074497,1.426067,3.503954,4.023959,15.37875,10.1167,17.4931,3.092473,3.276075,6.368548,-0.183602,0.157344,0.0255936666666674,-0.00572899999999998,1990-2020,6.36086334615385,-0.168694653846154
2004,2.121996,1.424813,3.483354,4.002992,15.331480000000001,10.04343,17.45633,3.09148,3.260784,6.352264,-0.169304,0.110074000000001,0.00930966666666677,0.00856899999999972,1990-2020,6.36086334615385,-0.168694653846154
2005,2.084682,1.420846,3.506279,4.010139,15.49011,10.36658,17.54846,3.097061,3.26473,6.361791,-0.167669,0.268704,0.0188366666666671,0.010204,1990-2020,6.36086334615385,-0.168694653846154
2006,2.12223,1.434484,3.513913,4.015546,15.46173,10.23343,17.56241,3.113308,3.272508,6.385816,-0.1592,0.240323999999999,0.042861666666667,0.0186729999999998,1990-2020,6.36086334615385,-0.168694653846154
2007,2.107357,1.431976,3.534127,4.00154,15.46329,10.47479,17.46704,3.12342,3.261812,6.385232,-0.138392,0.241884000000001,0.0422776666666671,0.039481,1990-2020,6.36086334615385,-0.168694653846154
2008,2.138924,1.42322,3.468809,3.999766,15.30573,10.08231,17.40448,3.085997,3.258028,6.344025,-0.172031,0.0843240000000005,0.00107066666666711,0.00584200000000001,1990-2020,6.36086334615385,-0.168694653846154
2009,2.095828,1.421139,3.484236,4.047048,15.42621,10.08981,17.57065,3.084574,3.291098,6.375672,-0.206524,0.204803999999999,0.0327176666666666,-0.0286509999999999,1990-2020,6.36086334615385,-0.168694653846154
2010,2.166744,1.458768,3.516918,4.062169,15.54398,10.35452,17.62897,3.128265,3.312701,6.440966,-0.184436,0.322573999999999,0.0980116666666664,-0.00656300000000021,1990-2020,6.36086334615385,-0.168694653846154
2011,2.127026,1.433404,3.507801,4.047558,15.43491,10.19208,17.5415,3.110337,3.294992,6.405329,-0.184655,0.213504,0.0623746666666669,-0.00678200000000018,1990-2020,6.36086334615385,-0.168694653846154
2012,2.07017,1.415231,3.500827,4.022445,15.47772,10.21613,17.59186,3.089,3.271877,6.360877,-0.182877,0.256314,0.0179226666666672,-0.0050039999999999,1990-2020,6.36086334615385,-0.168694653846154
2013,2.123362,1.42587,3.506683,4.007323,15.53534,10.36823,17.61133,3.108486,3.264173,6.372659,-0.155687,0.313934,0.0297046666666674,0.0221860000000002,1990-2020,6.36086334615385,-0.168694653846154
2014,2.090331,1.439316,3.530775,4.011549,15.59363,10.34656,17.70193,3.116132,3.271053,6.387185,-0.154921,0.372223999999999,0.0442306666666674,0.0229519999999998,1990-2020,6.36086334615385,-0.168694653846154
2015,2.061987,1.425694,3.567247,4.010414,15.75238,10.67059,17.79382,3.133941,3.266322,6.400263,-0.132381,0.530974000000001,0.0573086666666676,0.045492,1990-2020,6.36086334615385,-0.168694653846154
